corpus,model,image,tool,full,recovered,exact,corrupt,missed,partial,partial_returned,partial_exact,gone,gone_returned,unformatted_full,unformatted_exact,outputs,duplicate_outputs,fp_total,fp_fragment,fp_decoy,fp_ambiguous,fp_unrelated,seconds,returncode,timed_out
media,interleaved_overwrite,dmg-interleave-exfat-255m.img,sanctum-carve,21,14,11,3,7,2,1,0,0,0,0,0,25,0,10,10,0,0,0,117.096,0,False
media,interleaved_overwrite,dmg-interleave-exfat-255m.img,photorec,21,20,17,3,1,2,0,0,0,0,0,0,20,0,0,0,0,0,0,0.115,0,False
media,interleaved_overwrite,dmg-interleave-exfat-255m.img,foremost,21,14,10,4,7,2,1,0,0,0,0,0,16,0,1,1,0,0,0,3.121,0,False
media,interleaved_overwrite,dmg-interleave-exfat-255m.img,sanctum-full,21,21,20,1,0,2,1,0,0,0,0,0,36,1,10,10,0,0,0,118.339,0,False
media,interleaved_overwrite,dmg-interleave-ext4-64m.img,sanctum-carve,21,14,12,2,7,2,1,0,0,0,0,0,25,0,10,10,0,0,0,36.148,0,False
media,interleaved_overwrite,dmg-interleave-ext4-64m.img,photorec,21,21,18,3,0,2,0,0,0,0,0,0,21,0,0,0,0,0,0,0.064,0,False
media,interleaved_overwrite,dmg-interleave-ext4-64m.img,foremost,21,15,11,4,6,2,1,0,0,0,0,0,17,0,1,1,0,0,0,0.816,0,False
media,interleaved_overwrite,dmg-interleave-ext4-64m.img,sanctum-full,21,14,12,2,7,2,1,0,0,0,0,0,26,0,11,10,0,0,1,36.002,0,False
media,interleaved_overwrite,dmg-interleave-fat32-255m.img,sanctum-carve,22,15,13,2,7,2,1,0,0,0,1,0,26,0,10,10,0,0,0,115.491,0,False
media,interleaved_overwrite,dmg-interleave-fat32-255m.img,photorec,22,21,19,2,1,2,0,0,0,0,1,0,21,0,0,0,0,0,0,0.215,0,False
media,interleaved_overwrite,dmg-interleave-fat32-255m.img,foremost,22,16,11,5,6,2,1,0,0,0,1,0,18,0,1,1,0,0,0,3.122,0,False
media,interleaved_overwrite,dmg-interleave-fat32-255m.img,sanctum-full,22,22,22,0,0,2,1,0,0,0,1,0,36,0,10,10,0,0,0,116.689,0,False
media,interleaved_overwrite,dmg-interleave-fat32-511m.img,sanctum-carve,22,15,13,2,7,2,1,0,0,0,1,0,27,0,11,11,0,0,0,237.625,0,False
media,interleaved_overwrite,dmg-interleave-fat32-511m.img,photorec,22,21,18,3,1,2,0,0,0,0,1,0,21,0,0,0,0,0,0,0.214,0,False
media,interleaved_overwrite,dmg-interleave-fat32-511m.img,foremost,22,16,11,5,6,2,1,0,0,0,1,0,18,0,1,1,0,0,0,6.18,0,False
media,interleaved_overwrite,dmg-interleave-fat32-511m.img,sanctum-full,22,22,22,0,0,2,1,0,0,0,1,0,37,0,11,11,0,0,0,237.829,0,False
media,interleaved_overwrite,dmg-interleave-ntfs-64m.img,sanctum-carve,17,10,8,2,7,6,1,0,0,0,0,0,25,0,14,10,0,4,0,27.679,0,False
media,interleaved_overwrite,dmg-interleave-ntfs-64m.img,photorec,17,16,13,3,1,6,0,0,0,0,0,0,16,0,0,0,0,0,0,0.064,0,False
media,interleaved_overwrite,dmg-interleave-ntfs-64m.img,foremost,17,11,9,2,6,6,1,0,0,0,0,0,17,0,5,1,0,4,0,0.817,0,False
media,interleaved_overwrite,dmg-interleave-ntfs-64m.img,sanctum-full,17,17,17,0,0,6,3,2,0,0,0,0,37,0,14,10,0,4,0,28.529,0,False
media,metadata_destroyed,dmg-metadata-exfat-255m.img,sanctum-carve,21,14,11,3,7,0,0,0,0,0,0,0,24,0,10,10,0,0,0,109.832,0,False
media,metadata_destroyed,dmg-metadata-exfat-255m.img,photorec,21,20,17,3,1,0,0,0,0,0,0,0,20,0,0,0,0,0,0,0.114,0,False
media,metadata_destroyed,dmg-metadata-exfat-255m.img,foremost,21,13,9,4,8,0,0,0,0,0,0,0,14,0,1,1,0,0,0,3.124,0,False
media,metadata_destroyed,dmg-metadata-exfat-255m.img,sanctum-full,21,14,11,3,7,0,0,0,0,0,0,0,24,0,10,10,0,0,0,111.524,0,False
media,metadata_destroyed,dmg-metadata-ext4-64m.img,sanctum-carve,21,14,11,3,7,0,0,0,0,0,0,0,24,0,10,10,0,0,0,27.885,0,False
media,metadata_destroyed,dmg-metadata-ext4-64m.img,photorec,21,21,17,4,0,0,0,0,0,0,0,0,21,0,0,0,0,0,0,0.064,0,False
media,metadata_destroyed,dmg-metadata-ext4-64m.img,foremost,21,14,10,4,7,0,0,0,0,0,0,0,15,0,1,1,0,0,0,0.817,0,False
media,metadata_destroyed,dmg-metadata-ext4-64m.img,sanctum-full,21,14,11,3,7,0,0,0,0,0,0,0,24,0,10,10,0,0,0,28.033,0,False
media,metadata_destroyed,dmg-metadata-fat32-255m.img,sanctum-carve,22,15,13,2,7,0,0,0,0,0,1,0,25,0,10,10,0,0,0,109.623,0,False
media,metadata_destroyed,dmg-metadata-fat32-255m.img,photorec,22,21,19,2,1,0,0,0,0,0,1,0,21,0,0,0,0,0,0,0.215,0,False
media,metadata_destroyed,dmg-metadata-fat32-255m.img,foremost,22,15,10,5,7,0,0,0,0,0,1,0,16,0,1,1,0,0,0,3.121,0,False
media,metadata_destroyed,dmg-metadata-fat32-255m.img,sanctum-full,22,15,13,2,7,0,0,0,0,0,1,0,25,0,10,10,0,0,0,113.136,0,False
media,metadata_destroyed,dmg-metadata-fat32-511m.img,sanctum-carve,22,15,13,2,7,0,0,0,0,0,1,0,25,0,10,10,0,0,0,230.666,0,False
media,metadata_destroyed,dmg-metadata-fat32-511m.img,photorec,22,21,18,3,1,0,0,0,0,0,1,0,21,0,0,0,0,0,0,0.114,0,False
media,metadata_destroyed,dmg-metadata-fat32-511m.img,foremost,22,15,10,5,7,0,0,0,0,0,1,0,16,0,1,1,0,0,0,6.228,0,False
media,metadata_destroyed,dmg-metadata-fat32-511m.img,sanctum-full,22,15,13,2,7,0,0,0,0,0,1,0,25,0,10,10,0,0,0,235.517,0,False
media,metadata_destroyed,dmg-metadata-ntfs-64m.img,sanctum-carve,16,9,7,2,7,0,0,0,5,0,0,0,15,0,6,6,0,0,0,9.886,0,False
media,metadata_destroyed,dmg-metadata-ntfs-64m.img,photorec,16,16,13,3,0,0,0,0,5,0,0,0,16,0,0,0,0,0,0,0.064,0,False
media,metadata_destroyed,dmg-metadata-ntfs-64m.img,foremost,16,9,7,2,7,0,0,0,5,0,0,0,10,0,1,1,0,0,0,0.816,0,False
media,metadata_destroyed,dmg-metadata-ntfs-64m.img,sanctum-full,16,9,7,2,7,0,0,0,5,0,0,0,15,0,6,6,0,0,0,9.89,0,False
media,truncation,dmg-truncation-exfat-255m.img,sanctum-carve,9,9,9,0,0,2,1,0,10,0,0,0,20,0,10,10,0,0,0,1.267,0,False
media,truncation,dmg-truncation-exfat-255m.img,photorec,9,9,9,0,0,2,1,0,10,0,0,0,10,0,0,0,0,0,0,0.032,0,False
media,truncation,dmg-truncation-exfat-255m.img,foremost,9,9,6,3,0,2,0,0,10,0,0,0,9,0,0,0,0,0,0,0.064,0,False
media,truncation,dmg-truncation-exfat-255m.img,sanctum-full,9,9,9,0,0,2,2,0,10,0,0,0,22,0,11,10,0,0,1,1.518,0,False
media,truncation,dmg-truncation-ext4-64m.img,sanctum-carve,10,10,10,0,0,0,0,0,11,0,0,0,18,0,8,8,0,0,0,1.266,0,False
media,truncation,dmg-truncation-ext4-64m.img,photorec,10,10,10,0,0,0,0,0,11,0,0,0,10,0,0,0,0,0,0,0.032,0,False
media,truncation,dmg-truncation-ext4-64m.img,foremost,10,10,8,2,0,0,0,0,11,0,0,0,10,0,0,0,0,0,0,0.115,0,False
media,truncation,dmg-truncation-ext4-64m.img,sanctum-full,10,10,10,0,0,0,0,0,11,0,0,0,19,0,9,8,0,0,1,1.417,0,False
media,truncation,dmg-truncation-fat32-255m.img,sanctum-carve,11,11,11,0,0,0,0,0,11,0,1,0,19,0,8,8,0,0,0,1.467,0,False
media,truncation,dmg-truncation-fat32-255m.img,photorec,11,10,10,0,1,0,0,0,11,0,1,0,10,0,0,0,0,0,0,0.032,0,False
media,truncation,dmg-truncation-fat32-255m.img,foremost,11,11,8,3,0,0,0,0,11,0,1,0,11,0,0,0,0,0,0,0.064,0,False
media,truncation,dmg-truncation-fat32-255m.img,sanctum-full,11,11,11,0,0,0,0,0,11,0,1,0,19,0,8,8,0,0,0,1.468,0,False
media,truncation,dmg-truncation-fat32-511m.img,sanctum-carve,11,11,11,0,0,0,0,0,11,0,1,0,19,0,8,8,0,0,0,1.467,0,False
media,truncation,dmg-truncation-fat32-511m.img,photorec,11,10,10,0,1,0,0,0,11,0,1,0,10,0,0,0,0,0,0,0.033,0,False
media,truncation,dmg-truncation-fat32-511m.img,foremost,11,11,8,3,0,0,0,0,11,0,1,0,11,0,0,0,0,0,0,0.032,0,False
media,truncation,dmg-truncation-fat32-511m.img,sanctum-full,11,11,11,0,0,0,0,0,11,0,1,0,20,0,9,8,0,0,1,1.718,0,False
media,truncation,dmg-truncation-ntfs-64m.img,sanctum-carve,8,8,8,0,0,5,0,0,8,0,0,0,23,0,15,10,0,4,1,7.33,0,False
media,truncation,dmg-truncation-ntfs-64m.img,photorec,8,7,7,0,1,5,0,0,8,0,0,0,7,0,0,0,0,0,0,0.032,0,False
media,truncation,dmg-truncation-ntfs-64m.img,foremost,8,7,6,1,1,5,0,0,8,0,0,0,11,0,4,0,0,4,0,0.465,0,False
media,truncation,dmg-truncation-ntfs-64m.img,sanctum-full,8,8,8,0,0,5,3,2,8,0,0,0,27,0,16,10,0,4,2,7.632,0,False
media,zeroed_regions,dmg-zeroed-exfat-255m.img,sanctum-carve,19,13,10,3,6,1,1,0,1,0,0,0,24,0,10,10,0,0,0,117.516,0,False
media,zeroed_regions,dmg-zeroed-exfat-255m.img,photorec,19,18,16,2,1,1,0,0,1,0,0,0,18,0,0,0,0,0,0,0.115,0,False
media,zeroed_regions,dmg-zeroed-exfat-255m.img,foremost,19,12,8,4,7,1,1,0,1,0,0,0,14,0,1,1,0,0,0,3.122,0,False
media,zeroed_regions,dmg-zeroed-exfat-255m.img,sanctum-full,19,19,18,1,0,1,1,0,1,0,0,0,34,1,11,11,0,0,0,119.735,0,False
media,zeroed_regions,dmg-zeroed-ext4-64m.img,sanctum-carve,19,13,10,3,6,1,1,0,1,0,0,0,24,0,10,10,0,0,0,37.15,0,False
media,zeroed_regions,dmg-zeroed-ext4-64m.img,photorec,19,19,16,3,0,1,0,0,1,0,0,0,19,0,0,0,0,0,0,0.115,0,False
media,zeroed_regions,dmg-zeroed-ext4-64m.img,foremost,19,13,9,4,6,1,1,0,1,0,0,0,15,0,1,1,0,0,0,0.816,0,False
media,zeroed_regions,dmg-zeroed-ext4-64m.img,sanctum-full,19,13,10,3,6,1,1,0,1,0,0,0,25,0,11,10,0,0,1,37.748,0,False
media,zeroed_regions,dmg-zeroed-fat32-255m.img,sanctum-carve,20,14,12,2,6,1,1,0,1,0,1,0,25,0,10,10,0,0,0,117.087,0,False
media,zeroed_regions,dmg-zeroed-fat32-255m.img,photorec,20,19,17,2,1,1,0,0,1,0,1,0,19,0,0,0,0,0,0,0.215,0,False
media,zeroed_regions,dmg-zeroed-fat32-255m.img,foremost,20,14,9,5,6,1,1,0,1,0,1,0,16,0,1,1,0,0,0,3.122,0,False
media,zeroed_regions,dmg-zeroed-fat32-255m.img,sanctum-full,20,20,20,0,0,1,1,0,1,0,1,0,34,0,11,11,0,0,0,118.244,0,False
media,zeroed_regions,dmg-zeroed-fat32-511m.img,sanctum-carve,20,14,12,2,6,1,1,0,1,0,1,0,25,0,10,10,0,0,0,247.833,0,False
media,zeroed_regions,dmg-zeroed-fat32-511m.img,photorec,20,19,17,2,1,1,0,0,1,0,1,0,19,0,0,0,0,0,0,0.215,0,False
media,zeroed_regions,dmg-zeroed-fat32-511m.img,foremost,20,14,9,5,6,1,1,0,1,0,1,0,16,0,1,1,0,0,0,6.327,0,False
media,zeroed_regions,dmg-zeroed-fat32-511m.img,sanctum-full,20,20,20,0,0,1,1,0,1,0,1,0,34,0,11,11,0,0,0,244.48,0,False
media,zeroed_regions,dmg-zeroed-ntfs-64m.img,sanctum-carve,11,4,2,2,7,6,1,0,4,0,0,0,13,0,8,4,0,4,0,19.796,0,False
media,zeroed_regions,dmg-zeroed-ntfs-64m.img,photorec,11,10,7,3,1,6,0,0,4,0,0,0,10,0,0,0,0,0,0,0.114,0,False
media,zeroed_regions,dmg-zeroed-ntfs-64m.img,foremost,11,5,4,1,6,6,1,0,4,0,0,0,11,0,5,1,0,4,0,0.816,0,False
media,zeroed_regions,dmg-zeroed-ntfs-64m.img,sanctum-full,11,11,11,0,0,6,3,2,4,0,0,0,28,0,12,8,0,4,0,23.97,0,False
flat,none,flat-aligned.img,sanctum-carve,15,15,15,0,0,3,2,0,0,0,0,0,33,0,15,12,0,2,1,4.976,0,False
flat,none,flat-aligned.img,photorec,15,15,15,0,0,3,0,0,0,0,0,0,19,3,0,0,0,0,0,0.032,0,False
flat,none,flat-aligned.img,foremost,15,13,7,6,2,3,1,0,0,0,0,0,17,3,0,0,0,0,0,0.165,0,False
flat,none,flat-aligned.img,sanctum-full,15,15,15,0,0,3,2,0,0,0,0,0,33,0,15,12,0,2,1,4.976,0,False
flat,none,flat-offset1337.img,sanctum-carve,15,15,15,0,0,3,2,0,0,0,0,0,33,0,15,12,0,2,1,4.926,0,False
flat,none,flat-offset1337.img,photorec,15,0,0,0,15,3,0,0,0,0,0,0,0,0,0,0,0,0,0,0.033,0,False
flat,none,flat-offset1337.img,foremost,15,13,7,6,2,3,1,0,0,0,0,0,17,3,0,0,0,0,0,0.165,0,False
flat,none,flat-offset1337.img,sanctum-full,15,15,15,0,0,3,2,0,0,0,0,0,33,0,15,12,0,2,1,4.976,0,False
filesystem,boot_sector_zeroed,fs-damaged-boot.img,sanctum-carve,17,17,17,0,0,3,3,0,0,0,0,0,31,0,11,8,0,0,3,6.629,0,False
filesystem,boot_sector_zeroed,fs-damaged-boot.img,photorec,17,17,17,0,0,3,0,0,0,0,0,0,17,0,0,0,0,0,0,0.032,0,False
filesystem,boot_sector_zeroed,fs-damaged-boot.img,foremost,17,15,15,0,2,3,3,0,0,0,0,0,18,0,0,0,0,0,0,0.314,0,False
filesystem,boot_sector_zeroed,fs-damaged-boot.img,sanctum-full,17,17,17,0,0,3,3,0,0,0,0,0,31,0,11,8,0,0,3,6.829,0,False
filesystem,partition_table_garbage,fs-damaged-parttable.img,sanctum-carve,20,20,20,0,0,3,3,0,0,0,0,0,35,0,12,9,0,0,3,17.003,0,False
filesystem,partition_table_garbage,fs-damaged-parttable.img,photorec,20,18,18,0,2,3,0,0,0,0,0,0,18,0,0,0,0,0,0,0.114,0,False
filesystem,partition_table_garbage,fs-damaged-parttable.img,foremost,20,18,18,0,2,3,3,0,0,0,0,0,21,0,0,0,0,0,0,0.867,0,False
filesystem,partition_table_garbage,fs-damaged-parttable.img,sanctum-full,20,20,20,0,0,3,3,0,0,0,0,0,35,0,12,9,0,0,3,17.054,0,False
filesystem,delete,fs-exfat.img,sanctum-carve,3,3,2,1,0,0,0,0,0,0,0,0,3,0,0,0,0,0,0,0.465,0,False
filesystem,delete,fs-exfat.img,photorec,3,2,2,0,1,0,0,0,0,0,0,0,2,0,0,0,0,0,0,0.064,0,False
filesystem,delete,fs-exfat.img,foremost,3,2,2,0,1,0,0,0,0,0,0,0,2,0,0,0,0,0,0,0.165,0,False
filesystem,delete,fs-exfat.img,sanctum-full,3,3,2,1,0,0,0,0,0,0,0,0,4,1,0,0,0,0,0,0.516,0,False
filesystem,delete,fs-ext2.img,sanctum-carve,3,3,2,1,0,0,0,0,0,0,0,0,7,0,4,4,0,0,0,2.169,0,False
filesystem,delete,fs-ext2.img,photorec,3,2,2,0,1,0,0,0,0,0,0,0,2,0,0,0,0,0,0,0.065,0,False
filesystem,delete,fs-ext2.img,foremost,3,3,1,2,0,0,0,0,0,0,0,0,3,0,0,0,0,0,0,0.164,0,False
filesystem,delete,fs-ext2.img,sanctum-full,3,3,3,0,0,0,0,0,0,0,0,0,7,0,4,4,0,0,0,2.069,0,False
filesystem,delete,fs-ext3.img,sanctum-carve,3,3,2,1,0,0,0,0,0,0,0,0,7,0,4,4,0,0,0,2.018,0,False
filesystem,delete,fs-ext3.img,photorec,3,2,2,0,1,0,0,0,0,0,0,0,2,0,0,0,0,0,0,0.064,0,False
filesystem,delete,fs-ext3.img,foremost,3,3,1,2,0,0,0,0,0,0,0,0,3,0,0,0,0,0,0,0.165,0,False
filesystem,delete,fs-ext3.img,sanctum-full,3,3,3,0,0,0,0,0,0,0,0,0,7,0,4,4,0,0,0,1.868,0,False
filesystem,delete,fs-ext4.img,sanctum-carve,3,3,3,0,0,0,0,0,0,0,0,0,7,0,4,4,0,0,0,1.718,0,False
filesystem,delete,fs-ext4.img,photorec,3,3,3,0,0,0,0,0,0,0,0,0,3,0,0,0,0,0,0,0.032,0,False
filesystem,delete,fs-ext4.img,foremost,3,3,2,1,0,0,0,0,0,0,0,0,3,0,0,0,0,0,0,0.164,0,False
filesystem,delete,fs-ext4.img,sanctum-full,3,3,3,0,0,0,0,0,0,0,0,0,8,0,5,4,0,0,1,1.718,0,False
filesystem,delete,fs-fat32-neighbours.img,sanctum-carve,3,3,3,0,0,0,0,0,0,0,153,0,4,0,1,1,0,0,0,0.816,0,False
filesystem,delete,fs-fat32-neighbours.img,photorec,3,3,3,0,0,0,0,0,0,0,153,0,3,0,0,0,0,0,0,0.115,0,False
filesystem,delete,fs-fat32-neighbours.img,foremost,3,3,3,0,0,0,0,0,0,0,153,0,3,0,0,0,0,0,0,0.365,0,False
filesystem,delete,fs-fat32-neighbours.img,sanctum-full,3,3,3,0,0,0,0,0,0,0,153,75,83,0,5,1,0,0,4,2.92,0,False
filesystem,delete,fs-fat32-plain.img,sanctum-carve,3,3,3,0,0,0,0,0,0,0,0,0,4,0,1,1,0,0,0,0.766,0,False
filesystem,delete,fs-fat32-plain.img,photorec,3,3,3,0,0,0,0,0,0,0,0,0,3,0,0,0,0,0,0,0.064,0,False
filesystem,delete,fs-fat32-plain.img,foremost,3,3,3,0,0,0,0,0,0,0,0,0,3,0,0,0,0,0,0,0.515,0,False
filesystem,delete,fs-fat32-plain.img,sanctum-full,3,3,3,0,0,0,0,0,0,0,0,0,4,0,1,1,0,0,0,0.816,0,False
filesystem,delete,fs-fat32.img,sanctum-carve,3,3,3,0,0,0,0,0,0,0,153,0,4,0,1,1,0,0,0,0.766,0,False
filesystem,delete,fs-fat32.img,photorec,3,3,3,0,0,0,0,0,0,0,153,0,3,0,0,0,0,0,0,0.115,0,False
filesystem,delete,fs-fat32.img,foremost,3,3,3,0,0,0,0,0,0,0,153,0,3,0,0,0,0,0,0,0.365,0,False
filesystem,delete,fs-fat32.img,sanctum-full,3,3,3,0,0,0,0,0,0,0,153,152,161,0,6,1,0,0,5,4.925,0,False
filesystem,delete,fs-ntfs-reused.img,sanctum-carve,17,17,17,0,0,3,3,0,0,0,0,0,31,0,11,8,0,0,3,6.579,0,False
filesystem,delete,fs-ntfs-reused.img,photorec,17,17,17,0,0,3,0,0,0,0,0,0,17,0,0,0,0,0,0,0.032,0,False
filesystem,delete,fs-ntfs-reused.img,foremost,17,15,15,0,2,3,3,0,0,0,0,0,18,0,0,0,0,0,0,0.315,0,False
filesystem,delete,fs-ntfs-reused.img,sanctum-full,17,17,17,0,0,3,3,1,0,0,0,0,33,0,12,8,0,0,4,7.281,0,False
filesystem,delete,fs-ntfs.img,sanctum-carve,17,17,17,0,0,3,3,0,0,0,0,0,31,0,11,8,0,0,3,6.63,0,False
filesystem,delete,fs-ntfs.img,photorec,17,17,17,0,0,3,0,0,0,0,0,0,17,0,0,0,0,0,0,0.032,0,False
filesystem,delete,fs-ntfs.img,foremost,17,15,15,0,2,3,3,0,0,0,0,0,18,0,0,0,0,0,0,0.316,0,False
filesystem,delete,fs-ntfs.img,sanctum-full,17,17,17,0,0,3,3,1,0,0,0,0,32,0,11,8,0,0,3,6.779,0,False
filesystem,quick_format,fs-quick-formatted.img,sanctum-carve,3,3,3,0,0,0,0,0,0,0,0,0,4,0,1,1,0,0,0,0.766,0,False
filesystem,quick_format,fs-quick-formatted.img,photorec,3,3,3,0,0,0,0,0,0,0,0,0,3,0,0,0,0,0,0,0.064,0,False
filesystem,quick_format,fs-quick-formatted.img,foremost,3,3,3,0,0,0,0,0,0,0,0,0,3,0,0,0,0,0,0,0.516,0,False
filesystem,quick_format,fs-quick-formatted.img,sanctum-full,3,3,3,0,0,0,0,0,0,0,0,0,4,0,1,1,0,0,0,0.766,0,False
filesystem,delete,fs-two-partitions.img,sanctum-carve,20,20,20,0,0,3,3,0,0,0,0,0,35,0,12,9,0,0,3,16.654,0,False
filesystem,delete,fs-two-partitions.img,photorec,20,18,18,0,2,3,0,0,0,0,0,0,18,0,0,0,0,0,0,0.115,0,False
filesystem,delete,fs-two-partitions.img,foremost,20,18,18,0,2,3,3,0,0,0,0,0,21,0,0,0,0,0,0,0.867,0,False
filesystem,delete,fs-two-partitions.img,sanctum-full,20,20,20,0,0,3,3,1,0,0,0,0,36,0,12,9,0,0,3,17.104,0,False
media,delete,media-exfat-255m.img,sanctum-carve,21,14,11,3,7,0,0,0,0,0,0,0,24,0,10,10,0,0,0,110.929,0,False
media,delete,media-exfat-255m.img,photorec,21,20,17,3,1,0,0,0,0,0,0,0,20,0,0,0,0,0,0,0.114,0,False
media,delete,media-exfat-255m.img,foremost,21,13,9,4,8,0,0,0,0,0,0,0,14,0,1,1,0,0,0,3.122,0,False
media,delete,media-exfat-255m.img,sanctum-full,21,21,20,1,0,0,0,0,0,0,0,0,34,1,10,10,0,0,0,108.822,0,False
media,delete,media-ext4-64m.img,sanctum-carve,21,14,11,3,7,0,0,0,0,0,0,0,24,0,10,10,0,0,0,27.784,0,False
media,delete,media-ext4-64m.img,photorec,21,21,17,4,0,0,0,0,0,0,0,0,21,0,0,0,0,0,0,0.064,0,False
media,delete,media-ext4-64m.img,foremost,21,14,10,4,7,0,0,0,0,0,0,0,15,0,1,1,0,0,0,0.817,0,False
media,delete,media-ext4-64m.img,sanctum-full,21,14,11,3,7,0,0,0,0,0,0,0,25,0,11,10,0,0,1,28.427,0,False
media,delete,media-fat32-255m.img,sanctum-carve,22,15,13,2,7,0,0,0,0,0,1,0,25,0,10,10,0,0,0,108.067,0,False
media,delete,media-fat32-255m.img,photorec,22,21,19,2,1,0,0,0,0,0,1,0,21,0,0,0,0,0,0,0.215,0,False
media,delete,media-fat32-255m.img,foremost,22,15,10,5,7,0,0,0,0,0,1,0,16,0,1,1,0,0,0,3.122,0,False
media,delete,media-fat32-255m.img,sanctum-full,22,22,22,0,0,0,0,0,0,0,1,0,34,0,10,10,0,0,0,109.814,0,False
media,delete,media-fat32-511m.img,sanctum-carve,22,15,13,2,7,0,0,0,0,0,1,0,25,0,10,10,0,0,0,230.755,0,False
media,delete,media-fat32-511m.img,photorec,22,21,18,3,1,0,0,0,0,0,1,0,21,0,0,0,0,0,0,0.114,0,False
media,delete,media-fat32-511m.img,foremost,22,15,10,5,7,0,0,0,0,0,1,0,16,0,1,1,0,0,0,6.175,0,False
media,delete,media-fat32-511m.img,sanctum-full,22,22,22,0,0,0,0,0,0,0,1,0,34,0,10,10,0,0,0,228.283,0,False
media,delete,media-ntfs-64m.img,sanctum-carve,17,10,8,2,7,4,0,0,0,0,0,0,24,0,14,10,0,4,0,20.143,0,False
media,delete,media-ntfs-64m.img,photorec,17,16,13,3,1,4,0,0,0,0,0,0,16,0,0,0,0,0,0,0.064,0,False
media,delete,media-ntfs-64m.img,foremost,17,10,8,2,7,4,0,0,0,0,0,0,15,0,5,1,0,4,0,0.816,0,False
media,delete,media-ntfs-64m.img,sanctum-full,17,17,17,0,0,4,2,2,0,0,0,0,35,0,14,10,0,4,0,20.259,0,False
